,Accuracy,Precision,Recall,F1
LogisticReg,0.7853481685210651,0.7853481685210651,1.0,0.8797703242069884
SVMC,0.7850981372671584,0.7854372576004004,0.9993632601082458,0.8795796847635726
DecisionTree,0.7819727465933242,0.7856243705941591,0.9934734161095192,0.8774075636159145
RandomForest,0.7370921365170646,0.7904100069492703,0.90528494110156,0.8439563701120428
kNN9,0.7694711838979873,0.7862487100103199,0.9702324100604903,0.8686048168733078
