,Accuracy,Precision,Recall,F1
LogisticReg,0.787875,0.787875,1.0,0.8813535621897504
SVMC,0.789375,0.8352206736353078,0.912739965095986,0.8722613903418999
DecisionTree,0.785,0.7888566746501954,0.9928605425987624,0.8791795448159595
RandomForest,0.78825,0.8692517224803717,0.8607012533714105,0.8649553571428571
kNN9,0.776625,0.790380658436214,0.9750912264001269,0.8730733716883302
